{
    "train_metrics": {
        "loss": 0.0033427696363288956,
        "r2": 0.9949578046798706,
        "mape": 13.86643123626709
    },
    "val_metrics": {
        "loss": 0.001992078227511443,
        "r2": 0.9651090705394745,
        "mape": 15.946395921707152
    },
    "test_metrics": {
        "loss": 0.005512200761586428,
        "r2": 0.9168536170125007,
        "mape": 19.13567510604858
    }
}