{
    "train_metrics": {
        "loss": 0.0026604795624609926,
        "r2": 0.9983463883399963,
        "mape": 3.5735838413238525
    },
    "val_metrics": {
        "loss": 0.0018017304605831776,
        "r2": 0.9683959966897964,
        "mape": 2.340552806854248
    },
    "test_metrics": {
        "loss": 0.0029288020450621843,
        "r2": 0.9199761968553065,
        "mape": 5.071447372436523
    }
}