{
    "train_metrics": {
        "loss": 0.0046783415170970006,
        "r2": 0.9976838827133179,
        "mape": 4.45137357711792
    },
    "val_metrics": {
        "loss": 0.003935457936570267,
        "r2": 0.9969595670700073,
        "mape": 3.9965403079986572
    },
    "test_metrics": {
        "loss": 0.002722356701269746,
        "r2": 0.9935514330863953,
        "mape": 5.183543682098389
    }
}