{
    "train_metrics": {
        "loss": 0.0039127880463560505,
        "r2": 0.9943192005157471,
        "mape": 13.784334182739258
    },
    "val_metrics": {
        "loss": 0.002012922808610122,
        "r2": 0.9644896245002746,
        "mape": 15.851984310150145
    },
    "test_metrics": {
        "loss": 0.00621033413335681,
        "r2": 0.9162651432752609,
        "mape": 19.022381172180175
    }
}