{
  "model_path": "./models\\models\\model_c256_lr0.000092_bs16",
  "input_params": {
    "poisson_ratio": 0.41,
    "friction_angle": 26.94,
    "cohesion": 0.475,
    "dilation_angle": 8.47,
    "elastic_modulus": 16.13
  },
  "prediction_results": {
    "crown_settlement1": -0.4486401081085205,
    "crown_settlement2": -0.4427618086338043,
    "convergence1": -0.03323625400662422,
    "convergence2": -0.024810709059238434,
    "foot_settlement": -0.40856969356536865
  },
  "prediction_time_ms": 39
}