{
  "model_path": "./models\\models\\model_c256_lr0.000086_bs16",
  "input_params": {
    "poisson_ratio": 0.4,
    "friction_angle": 26.94,
    "cohesion": 0.475,
    "dilation_angle": 8.47,
    "elastic_modulus": 16.13
  },
  "prediction_results": {
    "crown_settlement1": -0.4499031901359558,
    "crown_settlement2": -0.4256531000137329,
    "convergence1": -0.06631357967853546,
    "convergence2": -0.08046739548444748,
    "foot_settlement": -0.4029644727706909
  },
  "prediction_time_ms": 42
}