{
    "train_metrics": {
        "loss": 0.002351466614289345,
        "r2": 0.998990535736084,
        "mape": 5.041983127593994
    },
    "val_metrics": {
        "loss": 0.0032803627631544847,
        "r2": 0.9976016283035278,
        "mape": 3.5507898330688477
    },
    "test_metrics": {
        "loss": 0.002776755252853036,
        "r2": 0.9934225678443909,
        "mape": 5.762438774108887
    }
}