{
    "train_metrics": {
        "loss": 0.005077516653099349,
        "r2": 0.9927752017974854,
        "mape": 17.30542755126953
    },
    "val_metrics": {
        "loss": 0.0041180044542724155,
        "r2": 0.9629919457435607,
        "mape": 19.90124168395996
    },
    "test_metrics": {
        "loss": 0.007898245938122272,
        "r2": 0.9148423484563827,
        "mape": 23.88149002075195
    }
}