{
    "train_metrics": {
        "loss": 0.004338433150633722,
        "r2": 0.998521089553833,
        "mape": 3.9546689987182617
    },
    "val_metrics": {
        "loss": 0.0029191719950176775,
        "r2": 0.9981130957603455,
        "mape": 3.410032033920288
    },
    "test_metrics": {
        "loss": 0.0034620019141584635,
        "r2": 0.9917994141578674,
        "mape": 4.704842567443848
    }
}