{
    "train_metrics": {
        "loss": 0.003867970067556036,
        "r2": 0.9902483224868774,
        "mape": 15.68741226196289
    },
    "val_metrics": {
        "loss": 0.0038378545851789087,
        "r2": 0.9605408728122711,
        "mape": 18.040524101257322
    },
    "test_metrics": {
        "loss": 0.010660610161721706,
        "r2": 0.9125138291716575,
        "mape": 21.648628921508784
    }
}