{
  "model_path": "./models\\models\\model_c256_lr0.000086_bs16",
  "input_params": {
    "poisson_ratio": 0.39,
    "friction_angle": 26.94,
    "cohesion": 0.475,
    "dilation_angle": 8.47,
    "elastic_modulus": 16.13
  },
  "prediction_results": {
    "crown_settlement1": -0.4576910436153412,
    "crown_settlement2": -0.4262261390686035,
    "convergence1": -0.08856619149446487,
    "convergence2": -0.12201707065105438,
    "foot_settlement": -0.39274850487709045
  },
  "prediction_time_ms": 102
}