{
    "train_metrics": {
        "loss": 0.0037746335086992306,
        "r2": 0.9976145625114441,
        "mape": 12.062198638916016
    },
    "val_metrics": {
        "loss": 0.00285165777998319,
        "r2": 0.9676861256361008,
        "mape": 17.74212074279785
    },
    "test_metrics": {
        "loss": 0.010100912302732468,
        "r2": 0.9193018193542957,
        "mape": 16.663589477539062
    }
}