{
  "model_path": "./models\\models\\model_c256_lr0.000092_bs16",
  "input_params": {
    "poisson_ratio": 0.42,
    "friction_angle": 26.94,
    "cohesion": 0.475,
    "dilation_angle": 8.47,
    "elastic_modulus": 16.13
  },
  "prediction_results": {
    "crown_settlement1": -0.44316378235816956,
    "crown_settlement2": -0.4432031214237213,
    "convergence1": -0.008682775311172009,
    "convergence2": 0.02228923887014389,
    "foot_settlement": -0.4173770248889923
  },
  "prediction_time_ms": 37
}