{
  "model_path": "./models\\models\\model_c256_lr0.000092_bs16",
  "input_params": {
    "poisson_ratio": 0.39,
    "friction_angle": 26.94,
    "cohesion": 0.475,
    "dilation_angle": 8.47,
    "elastic_modulus": 16.13
  },
  "prediction_results": {
    "crown_settlement1": -0.4605165719985962,
    "crown_settlement2": -0.4430235028266907,
    "convergence1": -0.07973750680685043,
    "convergence2": -0.11393975466489792,
    "foot_settlement": -0.392742782831192
  },
  "prediction_time_ms": 73
}