{
  "model_path": "./models\\models\\model_c256_lr0.000092_bs16",
  "input_params": {
    "poisson_ratio": 0.4,
    "friction_angle": 27.94,
    "cohesion": 0.68,
    "dilation_angle": 9.47,
    "elastic_modulus": 16.13
  },
  "prediction_results": {
    "crown_settlement1": -0.4654788076877594,
    "crown_settlement2": -0.45961999893188477,
    "convergence1": -0.05299730598926544,
    "convergence2": -0.06058502197265625,
    "foot_settlement": -0.4151444435119629
  },
  "prediction_time_ms": 132
}